genes	Tissue.Celltype.specific.score	number.of.tissue.celltype.expressed
SKI	0.0451246053989966	185
HES5	1.84055793777088	79
E2F2	1.39890849755608	104
GRHL3	2.91189991844507	42
RUNX3	0.314400312035703	178
GMEB1	0.0667012449034274	181
TFAP2E	1.12803650064838	107
POU3F1	0.65490058434343	145
NFYC	0.026708416593681	185
KLF17	4.9662940492017	10
TAL1	1.40562013676646	110
JUN	0.025253848389195	187
NFIA	0.139013868810746	182
GTF2B	0.01254268417297	187
GFI1	1.00411663509603	127
DR1	0.0089122358777852	187
ALX3	1.72094679685335	74
NHLH2	3.74594495038986	19
ZNF697	0.759324780306831	136
ARNT	0.06909280427642	181
RORC	1.15448541154567	111
ZBTB7B	0.0852314070053531	183
ETV3	0.0574769711425411	184
USF1	0.0782308956621378	182
NR1I3	1.17936436968926	110
ATF6	0.0200148106993286	186
PBX1	0.376550919853523	178
LMX1A	3.76069448190428	18
RXRG	2.66121989404664	41
POU2F1	0.0210415901602878	186
TBX19	0.381777788528783	155
LHX4	0.955976749708079	114
NR5A2	1.42520607656561	117
ZNF281	0.0312438654764152	186
ELF3	0.570436210561464	167
MYOG	5.00203760881119	10
ELK4	0.0297348620370826	186
ATF3	0.0897338575395733	186
BATF3	0.352956103665136	165
PROX1	0.96824124520011	133
ESRRG	1.63498181136507	90
PARP1	0.0229955538631535	187
SMYD3	0.096384606096842	183
SOX11	3.17734343703989	36
E2F6	0.0800545009153827	183
MYCN	2.32079021100919	60
NCOA1	0.0133970758309954	187
PREB	0.0366509166686282	185
FOSL2	0.0639559387167135	184
SRSF7	0.0130290393621657	187
SIX3	2.59656959519457	56
SIX2	1.97072994203957	65
EPAS1	0.200432878779683	182
REL	0.0419199702624481	187
MEIS1	0.769230426746554	147
MXD1	0.0878803530001063	185
VAX2	2.30623618592795	51
EGR4	1.36967724740378	101
TCF7L1	0.667612846174862	155
PAX8	0.943228745604276	127
NR4A2	0.0895167476045737	184
DLX2	1.62826816407043	90
SP3	0.00795736452801969	187
ATF2	0.0278454309055858	185
EVX2	5.97380519488743	4
HOXD10	2.77414564051848	45
HOXD8	1.28093858436272	112
NFE2L2	0.0112862057549596	187
NEUROD1	1.25264563152116	102
STAT1	0.0430465307629234	185
STAT4	0.416469743168976	174
SATB2	0.928919460600516	128
KLF7	0.119448875352692	185
CREB1	0.00937245424799093	187
GBX2	4.62581037185564	13
TWIST2	1.04145250571636	126
MTERF4	0.0470185935279027	185
BHLHE40	0.0683003890090343	185
PPARG	0.480068201606481	165
NR2C2	0.0585033627054303	182
SATB1	0.0670372309013884	184
NR1D2	0.0397346490091937	186
THRB	0.557134719339309	155
RARB	0.810424107268023	136
ZNF621	0.0717005423827324	182
HESX1	1.2346810229066	99
MITF	0.525997020282882	165
POU1F1	4.08817148724925	15
ZDHHC23	0.460360227637433	155
NR1I2	3.17736583572691	42
ZNF148	0.0174655489922928	186
KLF15	0.747671403533675	147
GATA2	0.786472142329224	154
SOX14	6.9688528416503	2
ZBTB38	0.0333142554119468	185
TFDP2	0.0578759673319948	184
PLSCR1	0.0781522833719938	184
ZIC1	3.87602249985541	21
MYNN	0.0457960663977566	184
BCL6	0.0589824496959969	186
TP63	1.7139874058938	91
NSD2	0.0688892890066839	183
MXD4	0.0154690210967137	187
MSX1	0.708622232553036	153
RBPJ	0.0154396231752664	187
KLF3	0.0131067401149681	187
CLOCK	0.0423830174945174	186
NKX6-1	3.54947223405727	33
ATOH1	6.20449433879817	4
NFKB1	0.035570183470123	186
LEF1	0.657030464329637	152
PITX2	2.17335203109797	61
ELF2	0.0104861587750197	187
SMAD1	0.322850305787455	175
HMGB2	0.0228142143666999	187
IRF2	0.0121035954120552	187
ZDHHC11	1.03675071231883	119
IRX4	3.04655253008327	34
ZNF622	0.0244701674857167	186
ISL1	2.63982952810184	47
ZNF366	1.36544495986195	113
NR2F1	1.15623750209173	120
IRF1	0.0281575807976452	187
ZCCHC10	0.02117463986985	186
TCF7	0.161681102345145	182
PITX1	1.60147562144221	98
SMAD5	0.0479000648331282	184
EGR1	0.0810526049590315	187
NR3C1	0.0132089711464143	187
CDX1	3.18841759262978	30
EBF1	0.653278345581438	158
IRF4	0.521185495277257	159
TFAP2A	1.42994843030199	101
GCM2	4.97113715156571	7
E2F3	0.0928344193345437	183
SOX4	0.107058975978917	184
ZSCAN31	0.493816411966769	150
POU5F1	1.07966087652339	117
PBX2	0.0179845521982873	187
RXRB	0.0439148348987964	183
PHF1	0.0416286980134559	185
HMGA1	0.0525149626334613	186
SPDEF	1.83927020777842	80
PPARD	0.0841553245664087	182
ETV7	0.721195388338375	143
NFYA	0.0561295144051171	184
SRF	0.0581726862114134	183
RUNX2	0.328231270747452	168
TFAP2B	3.17999482026655	35
GCM1	2.57805576776683	44
BACH2	0.393624530717558	166
SIM1	3.35595189689106	30
PRDM1	0.133059425959336	185
HSF2	0.060287635303177	185
HEY2	1.04317502646657	128
TCF21	2.07059314606553	73
MYB	1.03329173692981	122
PLAGL1	0.141654776522996	178
ESR1	0.79587762372074	135
TBXT	5.48120677100705	7
TBP	0.11715124765787	176
MAFK	0.0467961883337855	186
ZDHHC4	0.0461396548734097	185
ETV1	0.811949081098836	136
AHR	0.111506515237803	182
TWIST1	1.21011541204402	121
SP4	0.0686195969920909	184
HOXA1	0.891362555072005	118
HOXA2	1.91065847337042	69
HOXA5	0.694363359007638	148
HOXA6	1.67300143625586	81
HOXA9	1.01224642009979	121
TBX20	3.83049342503836	20
GLI3	0.925407590648897	131
MLXIPL	1.01250097647241	131
BHLHA15	3.61291774822134	22
ZKSCAN5	0.127328963234245	177
ZSCAN21	0.154614622181401	177
HBP1	0.00689793807390889	187
TFEC	1.08163531148602	130
IRF5	0.571270610695799	156
EZH2	0.146572250284444	180
ZNF746	0.0574497432953175	183
ZNF467	0.406869112383236	163
GATA4	3.07938901023624	32
ZNF705D	7.54689445988764	1
ZDHHC2	0.0410744831251919	185
EGR3	0.190726176960273	179
HMBOX1	0.0281101902820509	186
CEBPD	0.0665460934027231	186
SNAI2	0.872562830024964	138
PLAG1	0.282793138953041	173
BHLHE22	2.1509245410202	61
MSC	0.733237028726665	145
TERF1	0.0343372272894991	185
HNF4G	2.77383544686458	43
HEY1	0.714502115597779	157
ZBTB10	0.0550817056045625	186
E2F5	0.426076514912222	165
GRHL2	1.60951511889989	90
KLF10	0.0555293885325354	187
ZFPM2	1.23865728066613	105
MYC	0.107186834270824	183
HSF1	0.0212998669741619	186
FOXH1	2.48270924668056	61
NFIB	0.461259745044002	170
ZDHHC21	0.0802355828084192	184
CREB3	0.0461070184438218	184
PAX5	1.63275358560042	95
ZCCHC7	0.0310680637989038	185
NFIL3	0.0536241993551284	185
NR4A3	0.195998277153744	179
KLF4	0.194253455425969	182
ZBTB26	0.220445112684853	168
LMX1B	2.67752096055115	46
ZDHHC12	0.041075063114321	186
GFI1B	1.91181222156728	84
RXRA	0.10492576238211	183
SNAPC4	0.143693837244553	175
KLF6	0.0103447420395241	187
GATA3	0.544675129422194	161
CREM	0.0549783351431726	187
EGR2	0.298300977851448	169
HHEX	0.32481060756987	172
LCOR	0.0163768047695913	187
ZDHHC16	0.0816748311981162	181
NKX2-3	2.74718519689423	50
PAX2	3.28238971171787	32
PITX3	3.25941175919892	34
NFKB2	0.0525910013011001	185
MXI1	0.0224882560762311	187
ZDHHC6	0.025237424524808	186
TCF7L2	0.173123447751881	180
IKZF5	0.0510650507992216	183
EBF3	1.45626196910947	100
IRF7	0.04351300910566	186
ZNF143	0.0299895291736158	185
TEAD1	0.579738079732602	159
ARNTL	0.0835000293282279	181
SOX6	0.924406986600843	145
MYOD1	5.37494013996517	8
DBX1	4.44410136485746	9
WT1	2.42429125203718	63
LMO2	0.346369171109564	174
EHF	1.30875111979611	105
ALX4	3.2668634282667	28
NR1H3	0.326280549700529	170
SPI1	0.491089493016807	170
ZDHHC5	0.0187811880291325	186
ZFP91	0.0185766277346698	186
ESRRA	0.0302747026741149	186
RELA	0.0124301419358297	187
FOSL1	0.397510205217875	169
ZBTB16	0.0863296196184826	184
ETS1	0.084928632067721	186
FLI1	0.215781462990697	175
TEAD4	1.03342618909477	123
NANOG	1.5288025411487	84
FOXJ2	0.0587958190535377	182
SOX5	0.918372441797933	131
ARNTL2	0.825059980218738	144
VDR	0.417724491248587	165
ATF1	0.0195306669788192	186
NR4A1	0.0852849996074582	185
ZNF740	0.0879668995182523	181
RARG	0.320768042193852	164
SP1	0.034488093274033	185
HOXC9	2.21935735660901	59
HOXC8	2.72343253992178	42
HOXC5	4.2377041040001	13
STAT2	0.0294703464948323	186
STAT6	0.021565447672328	187
GLI1	1.00954653339672	123
DDIT3	0.0226311912324159	187
HMGA2	1.81865466270874	85
ZDHHC17	0.0276735057900314	186
MYF6	3.70803337195313	27
ALX1	3.62996427054436	24
NR2C1	0.066688325676655	183
NR1H4	3.3148894170093	29
SPIC	3.16076946603151	37
NFYB	0.0315148087553394	186
RFX4	3.1159492936385	33
LHX5	5.80754385116537	6
TBX5	3.05231811422577	33
MLXIP	0.0137673087998535	187
ZDHHC20	0.0445348080924744	186
HMGB1	0.00305824147421537	187
SOHLH2	4.81858168480948	12
FOXO1	0.0418339986312758	186
ELF1	0.0146561447125363	187
DACH1	0.767130500244799	142
KLF5	0.294528001171847	175
KLF12	0.19880783284462	176
TFDP1	0.0452158117783026	184
CEBPE	2.01385357415857	74
NRL	0.568397221379109	141
IRF9	0.0325719863760564	186
NFATC4	0.988861141177203	130
FOXG1	4.34732193153872	17
NKX2-1	3.75689909490826	17
PAX9	1.88252439043875	73
FOXA1	1.47822455332959	92
SIX6	5.71217516897642	5
SIX4	1.29298439492182	111
HIF1A	0.022401172595545	187
ESR2	0.736143204092416	133
ZBTB1	0.0250697135218575	187
MAX	0.0175936091584712	186
VSX2	5.41212539186623	5
FOS	0.0276525585397829	187
JDP2	0.197810305626248	180
BATF	0.312541548610148	174
ESRRB	4.06571426021859	19
ZDHHC22	5.002659095802	7
YY1	0.00267359765271509	187
KLF13	0.013987767970514	187
MEIS2	0.650237144529232	153
GABPB1	0.0309945256367957	187
TCF12	0.0316287809916832	186
RORA	0.121552327013952	184
SMAD3	0.0864275601245739	183
ISL2	1.89622092029796	66
BNC1	2.65995474323274	44
ZNF710	0.235008698569547	170
NR2F2	0.571677990491707	164
ZNF200	0.15726081667073	175
ZSCAN32	0.224529845344429	166
TFAP4	0.174448071501668	178
GLIS2	0.873723586522405	139
MAZ	0.00852792173892378	187
ZNF646	0.149851594354207	175
SALL1	2.73744434326165	37
IRX5	1.27743451978055	109
IRX6	2.75836171487016	43
E2F4	0.012804166529918	187
CTCF	0.0193639388456545	186
NFATC3	0.0482490149305512	185
ZFP90	0.108018501311856	180
NFAT5	0.0251003053850785	186
MAF	0.163645174352616	179
ZDHHC7	0.0544271670306247	184
IRF8	0.442628703329333	166
FOXF1	1.50447242239919	92
HIC1	0.243559667561439	179
MNT	0.0504328805265298	184
BCL6B	1.64721793024372	94
TP53	0.0645887561285551	183
ZNF18	0.266235626885825	164
MYOCD	2.38661812351195	58
ZNF207	0.00539312946742188	187
LHX1	3.18387229048532	36
IKZF3	0.478086730906459	166
THRA	0.09888812492138	181
NR1D1	0.18246184331053	179
RARA	0.0562964839949283	184
STAT5B	0.0287423934753536	187
STAT5A	0.0502681727619174	185
STAT3	0.00951022437584942	187
MLX	0.0143903909626699	187
ETV4	1.96288334706658	70
MEOX1	1.68366898096657	90
TBX21	1.05151896476198	128
NFE2L1	0.0317418796251961	187
HOXB4	0.455426844457835	156
HOXB7	0.699723639560332	149
VEZF1	0.0113376206977015	187
HSF5	1.75340006252158	75
MAFG	0.0270161182585164	187
TGIF1	0.0469429359642436	186
ZBTB14	0.10842533225923	179
ZNF397	0.0425901876383928	185
ZNF271P	0.00783151481104824	187
ZNF24	0.00568300238136154	187
SMAD2	0.0103598176327318	187
ZBTB7C	1.25276962703551	111
CXXC1	0.0349385351543711	184
SMAD4	0.0259107557493699	185
MBD2	0.00532047179902617	187
TCF4	0.157668115391809	185
SALL3	4.57610123912555	15
NFATC1	0.0705797261910726	184
MBD3	0.0412924961669213	185
TCF3	0.0531682569248028	185
NFIC	0.0521886862313073	187
ZBTB7A	0.00797354260247244	187
SAFB2	0.00744205706201518	187
SAFB	0.00625344688921202	187
RFX2	0.259372757593037	172
PIN1	0.0143457414600706	187
ZNF653	0.271960504189127	166
JUNB	0.0138843567401583	187
KLF1	2.8399720488505	55
NFIX	0.215659539304446	181
KLF2	0.0370307392117441	187
NR2F6	0.165096493803065	180
JUND	0.00928412457957626	187
GATAD2A	0.0148740301705184	187
PBX4	0.662838103137531	152
CEBPA	0.271778232942293	171
CEBPG	0.0267478680680937	186
ZNF302	0.057518897674179	184
ZNF599	0.369170876554874	160
USF2	0.0104042755394655	187
ZBTB32	1.25839290566859	106
ZNF829	0.272274953514582	168
POU2F2	0.315707622017493	169
ERF	0.0689014531652398	183
RELB	0.0975166654322347	184
FOSB	0.0849546299525074	184
CRX	0.916307513483257	119
IRF3	0.0100867030561645	187
SPIB	1.08829469859378	134
ZNF524	0.0312363327237197	185
ZNF581	0.0457153259837571	185
ZNF460	0.12278977893757	178
ZNF549	0.267308804849905	168
ZNF134	0.106073870978313	181
ZSCAN4	3.57783808580418	24
ZNF606	0.214924520120359	173
ZNF446	0.203273579289601	170
NKX2-2	5.55020058327066	9
VSX1	4.16135611950579	19
PLAGL2	0.0993777909298038	178
E2F1	0.71228047302915	147
MAFB	0.255912243044111	179
HNF4A	2.66840189212517	51
NCOA3	0.0158363909347276	187
SNAI1	0.487404881209297	165
CEBPB	0.0270506502391278	187
NFATC2	0.133461221370959	183
SALL4	2.27683550246521	63
TFAP2C	1.20826257662576	110
GABPA	0.0739949884319412	181
BACH1	0.0171958916725835	187
OLIG1	2.41384898034398	58
RUNX1	0.11054192976688	184
SIM2	2.34411488043015	59
ETS2	0.113105142766975	184
PKNOX1	0.054207435239737	183
THAP7	0.045942376232283	186
XBP1	0.0168114671968672	187
MAFF	0.0670723455151453	186
ATF4	0.00491623018719798	187
MRTFA	0.021951298866645	187
PPARA	0.0735125919101268	182
SHOX	0	0
ARX	3.94028357806105	26
NR0B1	3.48852607137936	22
ELK1	0.0900280637795478	179
GATA1	2.95268128161582	48
FOXP3	2.11442914030073	82
AR	0.809825244223219	145
ZDHHC15	1.05764707690489	109
TBX22	5.0410417234889	6
ZNF711	0.646637299554486	145
TGIF2LX	0	0
NKRF	0.0924266423475624	182
ZDHHC9	0.211471472148733	176
ELF4	0.153014364417365	177
ZIC3	5.18176526282864	6
ZFY	0.388881199699892	156
